{"flutter":{"platforms":{"android":{"default":{"projectId":"foodgao-ca9a2","appId":"1:833025637450:android:7cc7378b8c544b9fa2bab3","fileOutput":"android/app/google-services.json"}},"dart":{"lib/firebase_options.dart":{"projectId":"foodgao-ca9a2","configurations":{"android":"1:833025637450:android:7cc7378b8c544b9fa2bab3","ios":"1:833025637450:ios:4146b1312cd9948ca2bab3","macos":"1:833025637450:ios:4146b1312cd9948ca2bab3","web":"1:833025637450:web:7eadc238a033923da2bab3","windows":"1:833025637450:web:3d25891be9d4ac85a2bab3"}}}}}}